4abaj4aban7abandon6abarat5abarc7abascal5abast7abastec5abbot5abdom9abdominal4abej5aberr6abiert5abism4aboc4abog6abogac4abon5abord7abordaj6aborig5abort5abran5abraz5abren6abrevi4abri7abriend8abrieron5abrig5abril5abrir7abriran6abrirs6abrupt6absent6absolu7absolut6absolv6absorb6absten10abstencion8abstendr7abstien6abstuv7absuelt6absurd5abuch6abuche5abuel7abuelit5abund5aburr4abus4acab6academ7academi5acaec6acalor5acamp6acapar7acapulc4acar5acarr4acas4acat9accastell5acced5acces8accesori8accident10accidental6accion6accord5acech5aceit7aceiter7aceitun6aceler5acent6acentu5acept4acer5acerc5achic4acid6aciert5aclar5acnur4acod6acomod8acompao@7aconsej7acontec5acopi5acopl5acord8acordeon7acorral5acort4acos5acost9acostumbr4acot8acoustic7acredit8acribill8acrobaci7actitud5activ5actor5actos6actric6actriz4actu9actuacion6actual8actualiz6acuari8acuchill5acuci4acud8acueduct6acuerd4acum6acumul5acuo@4acus5adapt5adecc5adecu4adel7adelaid7adelant7adelson6ademas6adentr5adeud5adher8adherent8adhesion6adhier8adiccion9adicional5adict5adios5adjet5adjud7adjudic9administr5admir5admit4adob8adoctrin10adolescent5adolf5adond8adopcion5adopt4ador6adquir11adquisicion8adquisit9adrenalin6adrian5aduan7aduaner6adueo@5adult7adulter9adulyadej8adventur6advers9adversari6advert9advertent7adviert6advirt3aer4aere5aerob7aeroest7aerolin8aeroline7aeromex8aeronaut7aeronav9aeroparqu8aeroplan12aeroportuari9aeropuert4afad5afart8afeccion5afect5afeit5aferr7affleck5afgan10afganistan6afianz5afich5afifi5afili4afin7afinanz5afirm8afluenci7afortun5afric7african12afroamerican12afroargentin13afrobrasileo@17afroestadounidens6afront5afuer5agach5agarr7agarras6agasaj6agenci11agenciasmus5agend5agent6agiliz4agit7aglutin4agon5agost4agot5agrad7agradec8agradezc6agrand5agrav6agravi5agred5agreg5agres8agresion7agresor7agricol10agricultur14agroalimentari13agrocomercial12agroindustri14agroindustrial7agronom11agropecuari8agroquim5agrup3agu6aguant6aguard6agudiz5aguer4agui5aguil8aguinald8aguinsky6aguirr6agujer5agulh7agustin8agustini4ahog5ahond4ahor5ahorr10ahrensburg5aiass3aik3air6airbag7airbags6airbnb7airport4aisl9aislacion8aizpeole7ajedrez4ajen5ajust5akbar5akhis7alacran6alambr4alan7alarcon5alarg5alari5alarm5alask5alast8albao@il6alberg6albert8albirroj7alborot5album6alcald6alcanc6alcanz7alckmin7alcohol5alcon4alde8aldosivi7aleandr7aledao@4aleg6alegat5alegr4alej8alejandr6aleman7alemani5alent4alep5alepp4aler5alert14alertasolidari9alessandr4alev7alexand5alfan7alfombr6alfons8alfonsin6alfred7algodon8algoritm6algraf5algui5algun3ali6alianz5alici7alicuot6alient4alik7aliment10alimentari10alimentici4alin5aline5alist5alivi7alivian5allan5alleg5allen6allend5allup7almacen5almas5almir6almorz7almuerz4aloj5alons5alpin6alquil8alquiler11alredededor9alrededor5alsin5altam9altamiran5altas5alter6altern7altibaj8altimetr7altisim7altison8altocedr5altos8altruist5altur4alud6alumbr5alumn4alus7alusion5alvar7alvarez4alve5amabl4amad5amade4amag7amamant5amand6amanec5amant5amao@7amarill5amarr5amart5amaru7amateur6amazon5ambas5amber6ambici8ambicion7ambient9ambiental5ambit5ambos7ambrosi5ambul6amenaz6ameniz4amer6americ9americain8american6amicus4amig8amigoren5amist5amman6amnist4amor5ampar5ampli10ampliacion9amsterdam10amstermdam7anacrus7anagram4anah4anal8analisis6analiz4anay9ancestral7anchipi5ancho6ancion6anclad7andaluz5andar5anden8anderson5andes5andin6andrad5andre6andres5anduv7anecdot4aneg5anemi4anex5angel8angelici7angelin7angelus9angiolill5angul7angusti5anhel6anibal4anim6animal8anisacat4anit10aniversari5ankar5anoch6anonim8anonimat4anot5anses4ansi6ansied6antart6anteay10antecedent9antecesor5anten6anteoj8anterior5antes7antesal7anthony7antiaft6antiag8antichav8anticiip7anticip9anticipat14anticorrupcion10anticrisis9anticuerp12antidemocrat8antidrog10antigraniz6antigu17antigubernamental8antigued10antiguedad16antiinflacionari8antimach10antinarcot13antinarcotraf8antioxid7antipan14antipatriarcal12antiprotocol10antisistem10antitaurin10antiterror9antitesis9antiyihad7antolog5anton8antonell6antoni8antonini10antropolog5anual4anul5anunc6anunci6anvers5ao@ad5ao@ej5apach7apacigu7apadrin4apag6aparat5apare6aparec7aparent9aparicion8aparient5apart7apasion4apat4apeg4apel5apell4apen6aperit7apertur6apetit6aplast5aplic6apliqu7apocrif6apoder4apol5aport5apost7apostol4apoy9appealing5apple6apreci11aprehension6aprend10aprendizaj5apres6aprest5apret7aprevid6apriet8aprision5aprob6apropi8aprovech7aproxim6aprueb7aptitud5aptos6apuest5apunt7apuntal7apuo@al4apur6apymel5aquej5aquel6aquell6aquiet4arab5arabi7aranced7arancel7arangur5arao@4arat5arauj6araven6arbitr8arbitraj8arbitral9arbitrari13arbitrariedad5arbol5archi13architectural6archiv8arcoiris5arder5ardid8ardohain4ardu3are4arec4aren6arenas5areng7arequit7argamas8argensol7argenti8argentin6arguet8argument3ari5ariel11aristocraci6arizon6arkans5armad7armador6armand5armar6armarl7armaron5armas6armeni8armiliat4arom9aronofsky9arqueolog6arquer9arquitect11arquitectur6arranc7arranqu5arras7arrastr7arrebat8arredond6arregl7arremet8arrepent6arrest5arrib7arriesg5arrim8arrimart7arritmi8arrodill5arroj6arroll5arroy7arroyit7arrranc4arru5arrug6arruin7arsenal7arslani8artefact6arteri5artes10artesagent7artesan9artesanal6artesl5artic7articul10artificial6artill8artiller6artist6artois5artur8arzobisp4asad6asador7asalari5asalt6asambl7asamble10asambleist6ascain8ascarisc6ascend9ascendent6ascens7asciend5asedi6asegur6asemej5asent5asept6asesin8asesinat6asesor5asest6asfalt6asfixi7asgardi5asiat6asient5asign4asim5asist11asistencial8asistent4asoc5asoci7asociat4asom6asombr6aspect5aspir6asquer6asquit5assad5assay6assens8associat11association8astiller5astor6astori6astrad5astro9astronaut8astronom6astros3asu5asuel5asuet4asum8asuncion5asunt5asust4atac4atad4ataj7atalant5ataqu4aten8atencion5atend5atent5aterr7aterriz9aterrizaj9aterroriz6atesor6atiend4atip7atitlan4atiz5atkin6atlant5atlet8atmosfer4atom4atra9atraccion6atract5atrap5atras7atraves8atravies5atrev6atribu5atroc8atropell4atti5atuch5atuel6atuend5audac4audi8audienci11audiovisual5audit7auditor8auditori5augur6auguri6august6aument5aunqu9auricular8aurinegr5auris7ausenci6ausent7auspici7austral8australi10australian8austriac3aut6autent5autin10autoconvoc8autocrat8autocrit8autocton8autodrom9autoestim11autogobiern8autoiron7automat9automotor10automotric10automotriz9automovil12automovilist7autonom5autop8autopart7autopsi5autor7autoric7autoriz11autorretrat11autoservici13autotransport5autov6autunn6auxili6auzqui4aval8avalanch7avallay5avanc5avanz4avar9avellaned4aven7aventaj7aventur9aventurer9averguenz7averigu7aviador6avianc6avicol6avidez6aviles5avion4avis5avist4aviv6avizor7avogadr5avruj5avène4awad5award6awards6axtell4ayal5ayerz5ayest9ayotzinap4ayud14ayudantedesant6ayudit4azar4azot5aztec6azucar4azul8azulgran4azus7babason8bachelet10background8backstag7bacteri4bagd8baghdadi3bah5baham7bahiens4bail7bailabl8bailarin9bainbridg3baj6bajist3bal6balanc6balanz5balaz7balcarc6balcon4bald6baldaz5baldi4bale6balio@6ballen8ballener6ballet8ballotag8balneari5balon7balotaj4bals8balvaner4banc7bancari8bancariz9bancarrot6bancor4band6bandan6bander8banfield7bankers7banquer8banquill5bantu4bao@8bao@ador3bar6barack7baracus7baradel5baraj5barat4barb6barbar9barbarell6barber6barbet5barbi8barbieri4barc8barcelon7bargiel5baric8bariloch5baron7barover4barr9barrabrav7barranc10barranquit7barreir6barrer5barri7barrial6barric7barrick8barrient6bartal6barzol4barç3bas6basalt10basalvibas10basavilbas4bash5basic5basil6basile7basquet4bast7bastant8bastarde7bastion5basur3bat7batacaz6batacl6batall5batat8batistut5batll5battl11battlefield3bau7bautism7bautist4bauz5beach7beatric7beatriz3beb11beberaprend5bebes3bec6becerr9bechcraft4beck5beggi7beggiat3bej11belasteguin12belediyespor4belg6belgic7belgran5belic4bell8bellator6bellez9belluschi7beltran6bendec6bendic9bendicion6bendit8benedett8benedict5benef8benefici11beneficiari6benici7benitez8benjamin7benoist7beraldi6berang11berazategui10bereciartu6bergam6berger8bergogli5beris6beriss8berkeley6berlin6bermud6bernal5beron5berti3bes7bestial7bethani5betin7beverly6beyonc8bhumibol8bialecki7bianchi6bibian9bibliotec9bicameral11bicentenari4bich8biciclet3bid4bieb10bielorrusi4bien7bienest7bienven5bigli5bigot9bilateral4bili4bill11billclinton6billet8billeter9billonari4bimb4bind4bing7bioetic6biogas7biograf6biolog6biomas6biomed7biomerc7biometr6bionic6biopic7bioquim7bipolar10birmingham6bisagr6bizarr5black8blackout9blackrock6bladys5blanc9blanchett6blandi6blanqu7blanque6blaqui5blend6blends5blind5blogs5bloop8bloopers5bloqu6bloque5blunt5bocon5bodeg6bodini5bogot6boicot3bol5bolet7boletin6bolich6bolill5boliv10bolivarian6bolivi8bolivian4bols7bolsill4bomb7bombard8bombarde6bombaz6bomber8bomboner3bon6bonadi9bonaerens8bonafini4bonc7bonelli5bonif6bonill7boomers6borceg4bord7borders4borg4borj4born4borr7borrach8borrador5bosch4bosi5bosqu4boss5bossi6boston7boswell3bot5botan6botell5boton6boudou4bouw9bouyirdan5bovin4bowi10bragachini4bram5branc11brancatelli6brands5brasc6brasil9brasileo@7brasili5braun4brav4braz8breakbot5brech6bressi7bretao@4brev6brexit4brey3bri5bridg7bridget5briev5brill8brillant5brind7brindis5bring4bris4brit6britan6britez7british7britney12broadmeadows7brocher4brom5bronc8brooklyn4brot4brow5brown4bruc5brugg4brun7brunati5brusc6brusel7brussin4brut6brutal6bryant5buabs6buarqu4bubl3buc5bucal5bucky10bucodental4buen6buettn6bufand9buffarini5buitr8bukowski5bulev4bulg6bulgar7bulgari7bullici7bullock8bullrich8bullying6bululu4bung4bunk7bunkers9buonanott4buqu6burbuj4burg7burgues4burl8burocrat8bursatil6burund9burundang7buryail6burzac4busc8buscador10buscapleit8business8busnelli5busqu7busqued4buss4bust3cab5cabal7cabalen6caball8caballer6cabao@7cabaret7cabecer6cabell11cabelvision5cabez7cabezaz7cabezon6cabild5cabin4cabl11cablevision5cabot4cabr6cabral6cabrer6cabrit5cacec6cacett7cachorr6caciqu5cadav7cadaver5caden5cadet7cadieel4caer6caeran5cafet6cafier3cag3cah6cahuan3cai4caid4caig3caj5cajer5cajon3cal7calafat8calahorr6calais7calamar10calamuchit9calcaterr8calcetin5calci6calcul9calendari5calid7calient5calif7califat7calific9californi8caligraf8caligram5caliz4call5calla8callejer8callejon4calm5calor7calumni5calur4calv4calz3cam6camach6camao@5camar7camarin10camarograf4camb8cambacer5cambi8cambiant8cambiari8camboriu8cambyret7cameron7camerun9camerunes5camil5camin7caminer6camion8camioner8camionet7camiset4camp10campagnoli9campament6campan8campanaz7campant7campao@8campbell7campeon9campeonat10campeonato6camper8campesin6campor5camps6campus6camufl3can5canad9canadiens5canal7canaliz6canall6canast10canasvieir4canc6cancel5canch7cancher7cancill9canciller7cancion4cand8candidat10candidatur7canibal7canicob8canillit5canin4canj13cannabicultor8cannabis8canodrom5canon7canoniz4cans6cansin4cant7cantang7cantant6canter6cantid8cantidad6cantor3cap5capac7capacit5capaz8capellan6capill7capital9capitalin9capitaliz7capitan7capitul7cappcor5capri7caprich10capricorni6capril6capsul4capt6captor6captur9capturart5caput3car7carabel7carabob5carac6caract8caracter11caracterist10caracteriz6caraff5caraj7caranch7caratul4carb6carbon6carcaj6carcel9carcelari6carcom8cardenal7cardeo@7cardiac9cardiolog12cardiopulmon14cardiovascular5caren4carg9cargament5carib8caribeo@9caricatur6carici5carid8carignan6cario@6carism5carit4carl7carlott4carm8carmelit4carn7carnegi8carnivor7carolin5caroy4carp6carpet8carpetaz7carpool4carr7carranz6carrer7carruaj4cart6cartel8carteler8carteliz6carter6carton5carus7carvalh3cas5casac8casacion8casalogr9casamient5casan8casanell7casanov4casc6casell5caser5caset8casiller5casin9casiraghi4casp8cassatar7castagn6castel7castell9castellan15castelsantangel6castig10castio@eir5castr4casu6casual3cat6catacl7catalan7catalin7cataliz7catalog8cataluny8cataluo@8catamarc5catar7catarat6catart7cataton6catedr8catedrat7categor8catherin5catol7catolic6catorc9catrambon4cauc7caucion6caudal4caus8causadel6causal7causant8causeway4caut6cautel8cautelar10cauterucci6cautiv9cautiveri7cavaler6cavall6cavann7cavidad5cayer7cayeron7cayetan3caz6ceball6ceboll6cecili3ced5cedac5cedin5ceduc9cefaratti4ceib3cel4celd6celebr6celest8celestin5celin5celis5celli5celos4cels5celul7celular6cement8cementer9cementeri3cen5ceniz4cens6censur4cent6centav6centen8centenar9centenari8centesim7centigr9centimetr5centr7central9centraliz7centric13centroafrican14centroamerican7centrod9centurion7century6cenzon4ceo@3cep4cepi6cepill5ceram6cerati4cerc6cercan4cerd6cereal6cerebr8cerebral13cerebrovascul8ceremoni10ceremonial4cern4cerr8cerrazon6cerrit6cerroj6certam8certamen7cervant8cervecer6cervez3ces8cesacion5cesan6cesari6cesion6cetace6chaban4chac8chacabuc8chacarer8chacarit5chach5chacr9chaderton8chafariz7chaijal6chajan4chal7chalets8champagn8champaqu9champaqui4chan5chanc6chanch8chanclet6chandl6chanel5chang7channel5chant7chantaj4chap9chaparron8chappaqu8chapuzon8chaqueo@5charl6charly4chas7chatarr6chavez7chavism7chavist6cheber4chec5check5chedd5chefs4chel6chelse5chequ6cheque5chery9chevrolet7chevron4chib6chibok4chic6chicag6chican10chicatrans5chich5chicl5chief5chiev4chih6chijet10chikunguny4chil6chilen9chiliutti9chimenter8chimpanc4chin8chinaski5chipi5chips6chiqui7chiquit6chiruz5chist7chistin7chistos4choc8chocolat6chocon6chofer5choqu8choripan5chorr5chris6christ7christi9christoph5chrom8chrysler6chubut9chubutens5chuck5chwat7château11châtelineau5ciadi5ciapc10ciberataqu9cibercrim15ciberdelincuent10cibersegur8cicatric8cicatriz6ciccon4cicl7ciclist10ciclomotor6ciclon4cieg4ciel6cienci5cient7cientif5ciern5cierr5ciert4cifr9cigarrill7cimient3cin4cinc8cincuent9cineagent7cineast8cinecont6cineel5cinel12cinematograf8cinerari13cinesargentin10cinetrolls5cinic4cint8cinturon4circ7circens7circuit6circul8circular8circunst9circunval5cirqu7cirujan3cit8citacion8citibank6citric4ciud6ciudad8ciudadan9ciudadani5civic5civil6civism6clamor10clandestin5clapp4clar6clarin5clark9claroscur4clas6clasic6clasif8clasific7classic6claudi7claustr7clausul7clausur4clav6claver3cle8clemenci9cleveland6client10clientelar4clim6climat6clinic5clint7clinton8clippers7cloacal4clon6clowns4club5coach8coaching9coalicion6cobard8cobertur4cobr3coc6cocain6coccar7coccion4coch5cocin7cociner8cocodril6coctel7cocucci5codig7cofemin6cofund6cognit8coherent8cohesion5cohet4coim5coinc7coincid10coincident3col7colabor6colaps8colautti9coleccion6colect8colector5coleg6colegi5colem5coler7coletaz4colg6colibr5colin6colind6colise8colision6collar4colm5coloc7colombi9colombian5colon6coloni8colonial7coloniz7coloqui5color6column3com6comand6comarc4comb6combat10combatient5combi6combin10combinator7combust6comedi7comedor10comefactur6coment9comentari6comenz7comerci9comercial11comercializ5comet5comey5comic6comici6comics7comienc7comienz10comingsoon13comingsoonnet5comis8comisari8comision5comit14communications5comod7comodin7comodor4comp7compao@9compao@er6compar8comparec7compars7compart6compas6compat10compatriot7compens12compensatori6compet9competent10competidor8competit6compil6compit10complacent11complacient7complej10complement13complementari7complet7complic6compon9component7comport11composicion10compositor7compost5compr9comprador8comprend8comprens11comprension7comprob9compromet9compromis12compromisari8compuest6comput5comun7comunal7comunic8comunion10comunitari6conceb6conced6concej8concejal8concentr10concepcion7concept9concesion12concesionari9concienci10concientiz8conciert7concili6conclu10conclusion8concordi10concrecion7concret8concubin7concurr10concurrent12concurrirran7concurs4cond6conden7condens9condicion11condicional9condiment6condon6condor6conduc10conduccion7conduct9conductor6conect8conector7conejit5cones5conex8conexion4conf10confeccion8confeder14confederancion9conferent6confes9confesion5confi8confianz7confirm13confirmadisim8conflict7conform8confront7confund6confus9confusion6congel9conglomer7congreg7congres13congresoscopi7conicet10conjetural6conjug7conjunt6conley7conllev8conmebol8conmemor6conmig9conmocion6conmov10conmovedor7conmuev5conoc7conocel7conoces7conosur6conozc8conquist4cons7consagr9conscient10consecuent8consecut7consegu6consej8consejer7consens8consensu7conserv8consider6consig7consign7consigu7consist10consistent6consol8consolid6conson8consorci7conspir5const9constanci8constant7constat8constitu14constitucional7constru12construccion11constructor7consuel7consult11consultancy9consultor10consultori6consum10consumidor4cont10contabiliz7contabl7contact8contador6contag7contagi8contamin5conte8contempl12contemporane6conten8contenci10contencion11contendient8contendr10contenedor7content7contest12contestatari7context7contien8contiend9continent11continental10contingent7continu5contr10contraatac7contrab9contrabaj11contraccion14contracorrient9contradic13contradiccion13contradictori9contradij8contraid11contramarch9contrapon8contrari11contrarrest8contrast7contrat9contratap11contratiemp8contribu12contribuyent8contrinc7control11controversi13controversial10controvert10contundent6contuv8conurban7convenc10convencion12convencional7conveni7convent7convers10conversion7convert10conviccion7convien8conviert10convincent7convirt6conviv9convivent10convivient6convoc11convocatori6convod7convoqu6convoz10convulsion8conyugal11conyuntural6cooper7coordin3cop10coparental10coparticip5coper7copetti4copi5copin8coproduc9copyright5coraj7corasol7corazon4cord5corda7cordeli6corder9cordiller11cordilleran6cordob8cordobes6cordon4core6corean4cori5corin8cormecor6coroll5coron8coronari7coronel6corpor4corr7corradi6corral8corralit5corre10correccion7correct9corrector8corredor6correg8correlat10correspond14correspondient12corresponsal8corrient7corrier6corrig7corroid7corromp10corrupcion7corrupt4cors4cort7cortant6cortas6cortej11cortelletti6cortes6cortin7cortio@11cortometraj4corv3cos6cosech6cosmet7cosntru4cost8costaner10costantini7costill6costos8costumbr6costur5cotej8cotidian5cotiz7countri7country17countryofkindness4cout8coyuntur5crane3cre8creacion7creador8creanurb7creativ4crec8crecient10crecimient6credit9creditici7creenci5creep5creid4crem9cremacion4cres5crest7creyend7creyent8creyeron5crezc3cri7criatur5cricq4crim6crimen8criminal6crisis6crisol9cristaliz6cristi8cristian7cristin9cristobal10cristofani7criteri6critic6croaci5croat6cronic7cronist5cross8crossfit7crossov6croton7croydon4cruc7crucial4crud5cruel5cruis14cruiserolecall4cruz5cuadr8cuadrant8cuadrupl4cual6cualit7cualqui5cuand5cuant8cuantios5cuart7cuartel7cuartet9cuarteter5cuarz5cuatr3cub5cuban5cubic7cubiert4cubr7cuchill5cuell5cuent9cuentagot10cuentaprop4cuer5cuerd5cuerp5cuerv5cuest8cuestion11cuestionari4cuev4cuid8cuidador6culmin4culp8culpabil7culpabl4cult6cultiv6cultor6cultur11culturahall8cultural5cumbr10cumhuriyet5cumpl9cumpleao@9cumplidor11cumplimient4cunh4cuo@4cuot3cup5cupon5cupul3cur8curacion4curi5curia6curios9curiosity10curriculum5curry4curs6cursor9curuguaty9curutchet4curv4cusc7custodi8customiz3cuy7cvjksjf5cyber11cybermonday6cynthi3dab3dad3dah5daily3dak5dakot6dalbon4dall6dalmin3dam6damasc8damnific6damont4dand6dandol5danel5danes6daniel7daniell15daniellachavezc5danil4dant4dao@3dar5daran4dard6dargel4dari4darl4darr4dars3dat7dauriac3dav5davil5davis6dawson3deb5debaj5debat5deber5debid5debil7debilit5debor5debut3dec5decan6decant7decapit5decen7decenci9decepcion5deces5decid5decim11decimonoven5decin5decis8decision9decisions4decl6declar9decodific7decomis5decor6decret5dedic7default6defect6defend6defens8defensor7deficit10deficitari8deficits7defiend5defin10definicion7definit10definitori6deform7defraud6degrad6degust5dehez3dej5dejas4dekk8delacion6delant8delanter5delat7delawar8delbonis5delcy5deleg6deleit8delevign6delezn6delfin4delg5delhi7deliber5delic6delict7delimit10delincuent5delir5delit6demand5demas6demasi10demichelis9democraci9democracr8democrat10democratiz12democristian5demol10demolicion6demoni5demor9demoscopi7demostr8demuestr5denar5deneg7denetri4deng7denomin6densid8dentadur7dentifr7dentist5dentr6denunc7denunci9depardieu11departament6depend9dependent10dependient6deplor6depong6deport7deportv7deposit9depresion6deprim5depur6derech8derechaz5deriv10dermatolog6dermis5derog6derram6derrap6derrib6derroc6derrot7derrumb3des9desaceler6desact8desactiv11desactualiz9desacuerd5desaf6desafi7desafin7desafor10desafortun8desagrad6desagu7desahog8desalent7desaloj7desanim7desapar9desaparec12desaparicion10desapercib9desarchiv6desarm10desarmader9desarraig9desarroll7desastr5desat8desatend7desayun9desbalanc8desbarat10desbarranc8desbloqu7desbord8descabez7descalc7descalz7descans7descarg7descarn9descarril7descart7descend11descendient7descens7descifr9desclasif11desclasific10descompens9descompon14descomposicion10desconcert8desconfi8desconoc7descont10descontent5descr7describ10descubiert7descubr8descuent7descuid4desd6desdij11desdramatiz4dese7deseabl6deseas6desech9desembarc10desembarqu9desembols8desempat9desempeo@7desempl8desemple9desencant11desencuentr8desenfad8desenlac11desenmascar8desesper12desestabiliz15desestacionaliz8desestim9desestres6desfil4desg7desgarr10deshabilit7deshiel9deshilach6desidi7desiert6design9desiguald11desigualdad10desilusion11desincentiv7desinfl15desinflacionari6desist6deslic6deslig6desliz8deslumbr9desmantel7desmarc6desmed8desmejor7desment7desmint6desnud12desnutricion9desobedec11desobedient7desodor5desol6desord9desorient4desp7despach9desparram7despech7despect6desped6despeg6despej9desperdic10desperdici7despert6despid8despiert10despilfarr7despist7desplaz10desplazart8desplieg7desplom6despoj8desprend11desprestigi7despues7despunt8desregul4dest6destac11destacament6destap6destec8destierr6destin11destinatari7destitu5destr7destron7destroz6destru10destructor5desun6desvel5desvi6detall9deteccion6detect8detectiv5deten9detencion6deteng8deterior8determin6detest6detien5deton9detractor6detras5detuv4deud6deudor6devalu6devast5devel7develop5deven6devils6devolu6devolv5devor5devot7devuelv5diabl6diabol8diagnost10diagnostic8diagonal7dialect6dialog5diari7diatrib5dibuj3dic7dicapri10diccionari4dich8diciembr5dicon4dict8dictador8dictadur6dictam8dictamen8dictamin7diector4dieg5dient4dier6dieron6diesel4diet6dietaz8dietrich5diezm5difam8diferenc9diferenci11diferencial8diferent9different7dificil8dificult10dificultad7difteri6difund6difunt8difusion3dig6digest5digit7digital9digitaliz4dign6dignid5dijer7dijeron8dilacion5dilat5dilem4dilm4dilu7dilucid9dimension8dimitrov5dinam7dinamit7dinamiz6dinast5diner4dinn9dinosauri8diocesis4dioo4dios5diosd4diox9diplomaci8diplomat5diput4diqu5diran9direccion6direct8director9directori7directv5dirig8dirigent5dirim4disc8discapac10discapacit9disciplin12disciplinari10disconform8discordi7discrep7discret9discrimin7disculp7discurs9discusion6discut6diseo@6disert7disfrac7disfraz7disfrut7disgust8disident7disimul7dislexi7disminu6disney6disolu4disp6dispar8disparat10dispensari7dispers10dispersion6dispon7dispong11disposicion8disposit8dispuest6dispus6disput4dist7distanc8distanci7distant10distension10distincion7disting8distingu7distint7distors10distorsion5distr8distribu7distrit8disturbi6divers10diversific9diversion6divert5divid5divin5divis8division6divorc7divorci6divulg8divviert7dixvill8djokovic4dobl9doblement6doblet5docen6docent4doct6doctor8doctoral8document10documental5doing3dol5dolar7dolenci6dolfin7dolient5dolli5dolor8dolorens5dolos3dom6domest8domicili11domiciliari5domin6doming9dominguez6domini3don8donacion6donadi6donald6donant8donatell4dond7donnell5donov7donyell3dor4dorm8dormilon6dorreg5dosis3dot8dotacion5dougl4drak4dram6dramat7drastic6drazil5dream10dreamworks10dreamworld4drog14drogadependent4dron4dual5duart6dublin4duch3dud5dudos4duel5dueo@6duhald4dulc4dunc4dupl6duplic5dupuy4duqu3dur8duracion5duran6durant6durazn8durazner5durez6durham7durness9dutchnews6dutert5dybal5dylan7dzhyryk5eamod5early8eastwood7ebeauty4ebol6ebried10ebullicion5echab5echad6echagu5echan5echar7echaron9echegaray9eclesiast8ecocentr6ecolog6econom8economic9economist8ecoparqu9ecosistem6ecumen6edenor6edesur5edgar6edgard7edicion7edifici4edil7edilici6edisur4edit6editor9editorial6edmund6eduard4educ12educandoanin5eduqu6edward5efect9efectiviz6efectu7efedrin5efeel6efemus11efervescent7eficaci8eficient6efimer6egipci9egiptolog5egres3egu11ehrenfreund5eight5ejecu6ejecut8ejecutor6ejempl8ejemplar8ejemplif5ejerc8ejercici7ejercit5ejerz6elabor6elbers12elbetocasell8eleccion5elect7elector9electoral6electr10electrocut12electromecan8electron11electronics4elef4eleg7element4elen5elenc4elev4elig4elij6elimin11eliminatori4elis5elise4elit7elizond5ellen9ellerstin5ellos4elog5elogi4elud4elvi5elvir6emails4eman6emaner5embaj7embaraz6embarc6embarg7embarqu6embest6embist6emblem8emblemat5embud5emerg8emergent5emigr5emili7emilian5emily6emirat7emision6emisor4emit8emmanuel7emocion9emocional4emod4emot8empadron5empal5empan7empapel8emparent5empat5empez6empiec6empiez5emple9empleador6empori7emprend11emprendedor6empres9empresari11empresarial9emprestit5empuj4emul6enamor7encabec7encabez5encal6encall7encamin6encant5encar8encarcel6encarg6encarn6encauz11encefalopat6encend6encerr8encerron7enciend7encierr5encim8encntrad5encog5encon7encontr7encript7encuadr6encubr8encuentr7encuest7encumbr7enderez6endeud8endurezc6enemig4ener5energ7energet6energy6enesim7enfasis5enfat7enfatiz6enferm8enfermed10enfermedad8enfermer5enfoc7enfrent5enfri11enfriamient7enfurec7enganch6engao@6engord5enigm7enigmat5enind5enjoy5enlac8enloquec8enmantec6enmarc7enmiend12enogastronom4enoj6enolog5enorm7enrarec6enriqu8enriquec5ensal7ensambl7ensanch5ensay6enseo@6entend5enter7enterat6enterr5entes5entid7entidad7entiend7entierr5enton6entonc6entorn8entorpec5entra6entrab6entrad8entrader6entram6entrar8entraran8entraron5entre6entreg6entren10entrerrian8entreten10entretiemp6entrev9entrevist5entro7entuert9entusiasm6enumer5envas7envejec4envi6envidi6envion9envoltori7envuelt5eolic5eonom8epicentr7epidemi8epilepsi7epilept6epilog7episcop9episcopal7episodi10epistolari4epoc8eprsonal5equid8equidist9equilibri5equin5equip7equipaj7equipar5equit7equival10equivalent7equivoc5erari8ercolini5erdog8ereccion4erig4eriz6ernest4erog7erosion4erot5errad7erradic5erron5error8erupcion5esboz8escabull5escal7escaler9escalofri7escalon5escan8escandal5escap10escarlatin5escas5escen8escenari10escenograf8esclarec6esclav10esclavitud5escob7escoces6escoci5escog5escol7escolar6escoll6escolt7escombr6escond7escopet9escopetaz6escori7escorpi9escorpian7escrach6escrib8escriban6escrit8escritor9escritori8escritur9escrutini9escuadron6escuch8escuchal5escud7escuder6escuel6escuet8escultur6escurr10escurridiz8esencial6esforz7esfuerz6esgrim7esident7eslabon5eslog7eslogan7esloven8esloveni8esmerald6esoter6espaci8espacial6espald6espant6espao@8espao@ol6esparc8esparrag6espasm6especi8especial9especiali10especializ7especif6espect10espectacul12espectacular7especul5espej5esper8esperanz6esperm4espi5espin8espinill7espinoz8espionaj7espirit8espiritu10espiritual9esplendor9espontane5espos5espum4esqu6esquem8esquemat6esquin8esquinit6esquiu6esquiv8esquivel5estab7estabil6establ8establec13establishment8estacion10estacional10estacioner5estad6estadi8estadist13estadounidens5estaf6estall5estam8estament6estamp5estan6estanc7estanci9estandart7estanqu9estanzuel5estar5estas7estatal6estatu7estatut5esteb6estech7estefan5estel9estenssor5ester6estere10estereotip8esterlin5estet6esther6estigm5estil8estilist5estim7estimul7estipul5estir6estirp7estival8estocolm5estos5estoy6estrag9estrangul8estrateg9estrategi7estrech7estrell8estremec12estremecedor6estren8estrepit6estres9estribill7estrict6estrop9estructur5estud6estudi9estudiant11estudiantil5estuf5estup13estupefacient9estupidez5estuv6esvast4etap5etari5etats7etceter8etchecop5etern5ethan4etic5etiop7etiquet5etnic5etter6eufori6eufrat6eugeni3eur9euroasiat5europ6europe5evacu4evad5evalu9evangelin9evangeliz7evasion6evasor6evelin5event8eventual5every8evidenci7evident4evit4evoc5evolu9evolucion8exabrupt7exactor5exalt4exam6examen6examin9excancill10excandidat8excarcel5exced8excelent7excentr9excepcion11excepcional6except7exceptu5exces5excit6exclam5exclu6exclus9excrement9excursion5excus7exdiput8exdirect10exdirector7exdueo@7exembaj6exempl8exencion5exent6exequi5exesp12exfuncionari8exgerent8exgobern7exhaust5exhib10exhibicion6exhort4exig7exigent5exili4exim11exintendent5exist11existencial8existent4exit5exjef5exman11exmandatari9exministr5exmuj6exnovi4exod7exomars6exoner5exorc4exot6expand6expans9expansion7exparej6expect10expedicion9expedient7expedit10expendedor9experient10experiment12experimental6expert5expid5expir6explan6explic8explicit7expliqu6explor6explos9explosion6explot6expobi7expolic5expon11exponencial8exponent6expong6export10exposicion6expres11expresident9expresion7express6exprop7expropi7expuest6expuls9expulsion5expus8exquisit11exsecretari13exsubdirector14exsubsecretari6extasi7extasis5exten6extend6extens9extension6extenu8exterior10exterioriz6extern7extiend9extincion7extingu7extitul6extors9extorsion5extra10extraccion11extradicion8extradit7extraid9extranjer7extrao@13extraordinari10extrarradi6extras7extravi6extrem8extribun15exvicepresident5ezeiz8ezequiel4fabi6fabian6fabric6fabril7faccion8facebook5facet4fach6facial5facil7facilit6factor6factur6facult8facultad6facund4faen4falc8falcioni6falcon4fall6fallec7falling6fallon4fals6falsed6falsif8falsific4falt6faltaz3fam6famili8familiar5famos5fanat6fantas7fantasm7fantast6fantin7fantini8farandul6faraon6fario@9farmaceut10farmacolog7farmers5faruq3fas6fascin7fascist7fastuos5fatal5fatep4faun7faustin5favor7favorec7favorit4fawk6febrer5fecal4fech6fecund7fedecom5feder7federal7feedlot8feedlots8feinmann3fel5felic7felicit13felicitations5felip6felipp5feliz17felizcumplecharly11feltrinelli3fem7femenin5femic8femicidi5femin10feminicidi9fenerbahç5fenix7fenomen5fenty4feri4fern9fernandez6fernet5feroz4ferr7ferrari6ferrat5ferre6ferrer7ferreyr11ferrocarril10ferroviari6ferrys6fertil8fertiliz6festej8festival3fet4feud6fiabil5fiabl5fianz4fibr10fibroblast7ficcion9fiduciari5fiebr4fiel6fields5fierr5fiest4fifr7figuero5figur3fij3fil9filadelfi6filard5filet6filial7filipin6filloy4film9filmacion9filmograf8filochav7filosof5filtr10filtracion3fin5final7finalic7finaliz6financ7financi9financial9financier6finanz10finderodaj5finkm7fintech5fiori6fiorit7firefox4firm6firmez5first4fisc6fiscal8fiscalic8fiscaliz5fisic7fitness12fitosanitari10fitzgerald7flamant5flame7flamenc5flanc7flaquez5flash5flavi8flebolog10flexibilic10flexibiliz5fligo4flor8florenci13florianopolis4flot7flotant7flotill5floyd3flu6fluctu7fluidez4fluj4fobi7focaliz5focus6follaj6foment6fonavi4fond11fontevecchi8football4fope9forcadell4forj4form9formacion8formador6formal8formaliz6format6formid6formos9formoseo@6formul8forrajer5forst8fortalec8fortalez6fortun5forum4forz5fosil3fot8fotocopi7fotogal8fotograf9fotografi4frac6fracas7fractur6fragat6fragil8fragment5fragu5franc7frances8francesc6franci7francis8francisc10franciscan9francotir9francucci5franj5frank9frankfurt9franquici8franquit4fras5fraud10fraudulent9frecuenci8frecuent8freelanc5freez5freit4fren6frenet7frenkel5frent8frentist5fresc4frey5freyr6friday8friendly7frigeri8frigorif4frit5front7frontal7fronter9fronteriz6fronti6frontm6frustr11frustracion4frut7frutill6fuckup4fueg7fueguin5fuell5fuent4fuer6fueron5fuert10fuertement5fuerz3fug6fukuok8fulcheri3fum7fumador7fumarol3fun7funcion10funcionari4fund9fundacion8fundador9fundament11fundamental7funeral8funerari5furci4furi7furlong5furor5fusil6fusion6fustig6futbol8futboler9futbolist6futsal5futur9futurolog5gabin7gabinet7gabriel5gacet10gaincerain3gal5galan8galancit8galardon6galaxy8galerial4galg4gall6galleg8galletit6galpon3gam6gambet5gambi6gamers6gaming3gan5ganad7ganader7ganador7gananci5ganch7gandolf6ganjah5garag6garant8garantiz7garavan7garbanz4garc5garci4gard6gardel6gareth9garfunkel9gargarell6garrah8garrigos6garzon3gas6gaseos7gasolin8gasometr4gasp7gasquet4gast8gastaldi6gaston19gastroenterocolitis9gastronom5gater6gatill6gattas6gaulti4gavi5gazeb5geely3gel5gemel9gemignani5genar7gendarm5gener7general9generaliz7genesis5genet4geni5genic7genital4geno5genom7genoves4gent6genuin6geofis7geograf10geographic8geopolit5georg13georreferenci6gerard10gerchunoff6gerent4germ6german7geronim5gerry6gesell8gessaghi4gest9gestacion7gestant7gestion6gestor4ghan5ghini7giacchi6giacom6gianni8giannoni5giant7giardin6gigant9gigantesc3gil7gilbert4gild7gimenez7gimnasi8ginobili7giordan6giorgi8giovanni3gir8giratori7giulian8givenchy6glamor7glamour4glob6global8globaliz5gobbi6gobern4gobi7gobiern5godoy6goffin3gol5golaz4gold4gole8goleador7golosin4golp5golpe7golpist6golpiz5gomez5gomon6gondol8gondoler6gongor6gonzal8gonzalez5googl4gopr4gord7gordill7goretti4gorg5gorin4gorr3got5goulu7gourmet4grab9grabacion7grabois5graci7graciel7gracios4grad10graduacion7gradual6grafic8grafiter8grafitis4gran5grand8grandios6graner8grangeat6granit6graniz5granj4gras5grass4grat6gratis7gratuit4grav6graved9gravement13gravitacional3gre7greaney5greci7gregori5gremi7gremial5griet6grigor5grill5gring7griseld4grit4grob12grobocopatel7grondon5gross5group5grues4grup6grupal5guant9guantanam6guaran5guard12guardaespald6guardi12guardiamarin8guardian8guardiol8guatemal9guatepeor13gubernamental6gudio@4guel4guem5guerr7guerrer9guerrieri8guerrill10guerriller3gui4guid5guill8guillerm10guillermin10guillevald7guiness5guio@5guion8guionist7guitarr4gull6gunvor5gusan4gust6gustav6guterr9gutierrez6guzman7gytkjær4haas3hab5haban5haber5habil7habilid7habilit5habit12habitacional9habitacul7habitat6habitu8habitual4habl4habr3hac5haces4haci7haciend5hacin4hack5hacke7hackers3had3hag6haganl4hagm7hahstag4hait7haitian9halagueo@6halcon4hall7hallazg6hallow5hamam5hambr10hamburgues10hamburhues8hamilton4hamm8hampshir5handl3har5haram5haran6haring6harris5harry4hart7harvard4hast9hatchback6haters5hawai4hayd4hayn6hazao@7headset5heart4hebr4hech8hechicer6hechiz6hectar9hectolitr6hector5hedon3hel7helader6heldin10helicopter7helland8hellemey3hem7hematom5hembr9hemisferi9hemitorax6henoch6henrik7henriqu5henry3her6herald5hered7hereder7herenci6herman10hermanastr8hermanit6hermet6hermos6hernan9hernandez4hero6heroin7herrald10herramient6herrer10heterogene7hexagon4hibr3hic6hidalg7hidrant6hidric11hidrocarbur11hidroelectr9hidroelev8hidrogen8hidrolog4hiel5hierr3hig7highton6higien7higuain6higuer3hij5hilar5hiler7hillary14hillaryclinton6hillay5hills8hillyard4himn5hinch8hiperact9hipermerc8hipocrit8hipodrom7hipolit10hipotecari9hipotesis3hir9hirotoshi6hisham6hispan15hispanoamerican6histor7histori9historial9historiet7history5hitaz4hitl7hockney3hog5hogar8hogareo@8hogwarts3hoj6holand8holandes8holdouts4holg7holland7hollard9hollywood9holocraci3hom5hombr7homenaj8homenaje8homicidi7homolog7homonim4hond6honest5honor8honorari4honr7hookers3hor6horaci6horari8horizont6hormig8hormigue4horn8horoscop7horquet6horror8hortaliz6horton8hospital11hospitalari11hospitality6hostal6hostig6hostil5hotel7hotesur4hous7housing7houston6howard5https5huapi7hudsonl4huec4huel5huelg5huell7huerfan5huert4hues5huesp4huev4huid3hum8humahuac5human10humanitari7humbert6humild6humill5humor4hund10hundimient7huracan10hurlingham4hurt3hus5husky3hut7huyeron5ianni5iaraf4ibam5ibarr4iber5iberi4ibiz6icardi7iceberg4icon6iconic3ide5ideal5ident7identif9identific7ideolog5idiom4idol7idolatr4idon4iecs6iemanj5ieral6iglesi6ignaci5ignor5igual6iguald10igualitari5iguan5ilean6ilegal8ilegitim4iles6ilicit6ilumin7ilusion6ilustr4imag6imagen6imagin9imaginari8imaginat4iman6imborr7immobil9impacient6impact5impag5impar9imparcial6impart5impas11impeachment5imped8impenetr6impens5imper6imperd6imperi8imperial6imperm6impetu5impid7implant9implement6implic8implicit5impon8imponent9impopular6import13importantisim5impos9imposibil11imposibilit7imposit8impotent8imprecis8impredec7imprent6impres10imprescind9impresion6imprim6improb8improvis9imprudent7impuest6impugn6impuls8impulsor5impus5imput7inacces7inacept5inadi7inaugur9inaugural4inca7incapac6incend7incendi6incent12incertidumbr9inchausti5incid8incident7inciert9incipient9inclement6inclin5inclu7incluos6inclus9inclusion8inclusiv8incognit7incomod9incompart8incompat10inconcient9inconclus13incondicional9inconform11inconscient12inconsistent16inconstitucional12inconvenient8incorpor12incorreccion8increibl9increment7incrust7incumpl11incumplidor9incursion5indag10indagatori5indal6indart5indeb5indec7indecis7indefin8indemniz11independent12independient10independiz8indermit10indetermin5index4indi6indian5indic6indici7indigen8indigent6indign6indiqu9indispens8individu10individual8indonesi5induc9induccion8industri10industrial12industrializ4inec6inedit9ineficaci10ineficient6inerci10inescrupul7inesper5inest6inevit11inexactitud10inexistent8inexplic5infam7infanci6infant8infantil6infect8inferior8infertil7infiern6infini9inflacion12inflacionari9inflexion5influ8influenc9influenci9influyent6infoba8infonews6inform8informal8informat10infraccion14infraestructur13infrestructur6infund8infusion6ingeni8ingenier6ingenu6ingest9inglaterr6ingles6ingram6ingres5inhal5inhum4inic5inici7inicial6injert6injust10inmaterial6inmedi8inmediat10inmediatez6inmens6inmers9inmersion6inmigr11inmigratori8inminent11inmobiliari5inmol8inmortal10inmortaliz7inmuebl10innecesari5innov7innumer7inocent5inocu6inodor7inolvid9inquietud14insatisfaccion7inscrib11inscripcion8inscript7insegur9insercion6insert7insfran6insiem7insigni8insignif6insinu6insist7insolit8insosten10inspeccion9inspector6inspir7insport5insta9instagram6instal8instanci7instant10instantane7instaur7instens7institu13institucional15institucionaliz8institut5insto11instruccion10instructor10instrument11insuficient6insult5insum9insustent6intact6intang6integr8integral11intelectual10inteligent9intencion11intencional9intendent6intens10intensific6intent5inter11interaccion13interamerican10interanual10interbloqu9intercamb10intercambi8interced9intercept12intercomunal11interconect7interes8interfer18intergubernamental7interin8interior10interioriz9intermedi9intermepr8intermin6intern13internacional15internacionaliz10internalic13international9internaut8internet8interpel8interpol9interpret10interpuest8interrel8interrog9interrump12interrupcion12interseccion8interval8interven12intervencion9interveng9intervien8intervin5intim7intimid12intimidatori7intoler5intox7intoxic12intransigent13intrapersonal6intrat6intrep7intrinc8introduc8introduj6intrus5inund7inusual6inutil5invad8invasion6invent8invernal6invers9inversion8inversor6invert6invest10investidur8investig10investment6invict7inviern7inviert6inviol6invirt5invis11invisibiliz5invit7invital5invoc8involucr11involuntari6invoqu11iparraguirr5ipcva5iphon4iran5iraol5iraqu8irastorz4iren3iri6irigoy6irland8irlandes4iron6ironiz8irreduct7irrefut7irregul9irregular8irremedi7irrepet9irreproch8irrespet9irrespetu9irresuelt8irrevers5irrit6irrump6isabel4isel5isidr5islam8islandes7islandi5islas5ismar5isner6isolux6israel5itali7italian6itapem6itiner6ituart8ituzaing5ixkft8izquierd5jabal5jacki4jact4jaim4jair5jalon3jam5jamas4jami5jamon6janeir5janet5japon7japones4jaqu6jardin7jarquin4jarr6jarryd5jasch4jaul4javi6javits6jazmin6jazzer3jef7jefatur6jennif4jequ7jerarqu9jersualem9jerusalen5jessi6jessic6jesuit5jesus6jibiyc5jihad5jimen7jimenez7jinping7joaquin3jod5johan9johansson4joli8jolibert3jon6jonath8jonsdott7jordani4jorg4jorn5josef7journal3jov5joven8jovencit3joy6juanic6juanit6juarez5jubil6jubile3jud7judaism4judi8judicial4juec4jueg9juegoshac7jueguit4juev4juez5juezg3jug7jugador6juguet5juici6jujeo@5jujuy4juli6julian6juliet8julietav5jungl4juni5junin7juniors4junt3jur5jurid12jurisdiccion6jurist4just6justic7justici9justicial9justicier8justific6justin7juvenil8juventud8juventus4juzg10juzgamient5kabul7kadhafi8kagemush12kalashnikovs4kany7kanzaki6karaok6kardec7kargiem5karim5karin8karlovic11katchadouri4kati4kayk10kazajistan5keith7kellett4kemp7kennedy8kentucky5keops8keyboard6khalil4khar10kharitonov6khoudi8kicillof3kil6kilogr8kilometr9kimbrough3kin5kinan6kirchn8kirchner10kirguistan6kirkuk5kitch6knicks7kompany6koning9kraftwerk8krawchik7kremlin8krywonis5kunis4kurd6kuwait9kuznetsov6labaqu8laberint4labi5labor7laboral10laboratori6labord6labori9labozzett5lacau7lacedul4laci5lacki10lacrimogen4lact8lactanci5lacte6lacunz3lad7ladrill6ladron7ladygag7lafuent6lagard6lagrim5lagun6lament7lamolin6lamoth4lamy5lanat4lang5lanus4lanz10lanzamient7lanzoni7lapicer11laprovittol4laps4larg9largament9larguisim10larramendi6larret6lastim5lastr3lat5latam12latelateshow7lateral5latin13latinamerican10latinoamer14latinoamerican5latit7latitud4laud5lauqu4laur7laurenc6laurit3lav7lavader6lavagn5laves7lavezzi5lavoz5lawin7lawrenc6lawson3lax3laz5lazar6lazard4ldqu4leal5lealt6leandr5lebac6lebacs7leccion4lech9lechoncit13lectoescritur6lector6lectur6ledesm4leer3leg5legaj5legal7legaliz7leganes9legendari9legendary6legisl10legislatur7legitim7legrand7legumbr7lehmann4leid3lej5lejan4lell5lemon6lemony4lemp4lenc5lengu7lenguaj4lent4leon7leonard7leonens7leopold4lepr6lepros4lerd7lesbian6lesion3let5letal4letr4leuc3lev6levant8levement8levinson5lewis3ley7leyeron5liber6liberm6libert7liberti4libi6libois4libr7licenci11licenciatur5licht12lichtenstein5licit3lid5lider8liderazg4lidi5lienz3lif9lifschitz3lig5liger3lik6lilian5lilit3lim5limay4limb5limit6limodi5limpi7limpiez3lin5linaj5linch7lincoln4lind7lindant4line6lineal10lineamient6linfat7lingard8linguist7liniers8linkedin6lionel6liotti4liqu6liquid5liric4lisi9lisistrat4liss4list8literari9literatur5litig6litigi8litograf4litr6litvin4livi6livian7liviand6lixivi5llach4llam10llamamient6llamat4llan5llant4llav4lleg4llen7llenart4llev7llevart4llor4llov7llovizn5llurb5lluvi3lob5lobby6lobist5local7localiz7lockett7locutor3log5logic6logist8logitech4logr3lom8lombardi7lombriz9londinens6london5londr6longev5looke5looks6loperf5lopez7lopilat8lopresti4lorc6lorenz10lorenzetti3lot7lotocki5lotus5lourd7loustau8lousteau6lovers3loz3luc5lucer4luch8luchador6lucian5lucil4lucr5ludic10ludwigshaf4lueg4luer6luetic3lug5lugar12lugartenient6luisan7luisian3luj5lujan7lulipop4lumb5lumin10luminotecn3lun5lunar6lunati4luqu13lusobrasileo@5lustr5luter6lutvak5lynch5lìder5mabby6macabr5macet4mach7machism7machist7mackenn5macon5macri7macrism7macrist11macrofiscal5mader6madonn4madr6madrin6madrug6madryn5madur7madurez6maestr7mafekin4mafi7magaldi8magdalen5maggi4magi5magic9magisteri7magistr9magistral11magistratur4magn6magnat7magnett6magnif8magnitud6magnon6mahiqu6mahmud6mahrez4maic6maidan6mailen5mails4main4maip7maiquet6maison6majest6majors3mak3mal6malanc6malasi7malcorr6maldad6maldit6maldon5malef8malefici6malest7maleter7maletin8malevich5malez7malform6malici9malkovich4mall8mallmann5malls4malt7maltrat5malum7malvers6malvin6mamari5mamet7mamifer6mammon8mamograf3man7manacor10management6managu7manalac9manantial5manch8manchest4mand8mandamas10mandamient6mandat9mandatari6mandel5manej5maner4mang7manhatt6maniat8manifest9manifiest7maniobr7manipul6maniqu7maniser6manjat17mannequinchalleng5manny5manos7mansion6manson6mansur4mant6mantec6manten8mantendr7manteng7mantien6mantuv6manual6manuel6manzan4mao@6mao@an3map6mapuch7maquill9maquillaj6maquin9maquinari3mar7maradon8marathon7maraton8maravill15maravillaconcej4marc8marcador6marcel8marcelin5march5marci7marcial7marcian7marconi4mare4marg8margarit6margen6margin8marginal10marginaliz4mari6marian9mariangel7maridaj6mariel8marihuan6mariju7marilyn5marin7mariner7mariott8mariscal7marisol5marit9marketing6marmol10marplatens7marques7marquez7marroqu7marruec8marshall7marston4mart8martelli5marth7martial9martillaz6martin8martinez7martini9martinian6marvel7marxist4marz3mas6masacr5masaj4masc9mascheran6maschi6mascot8masculin8mashariq5masiv4mass12massachusets13massachusetts13massachussets6massei6massim7massism7massist6massot6massuh4mast11masterclass7masters8mastolog3mat7matader6matanz7matemat6materi8material6matern7matienz7matinal8matricul9matrimoni6matriz5matte7matthew7matutin5maubr4maur7maurici7mausole9mavericks3max5maxim10maximilian5mayor10mayoritari8mayuscul8mayweath4mazz7mccurry8mcdonald5mcphe5mecan5mecen3med6medall5medan7medanit8medellin4medi9mediacion8medialun6median9medianoch7mediant6mediat5medic10medicament7medicin9medicinal8medicion7medidor5medin14medioambiental9mediocamp6mediod7medisur11mediterrane5medul8megacaus9megaloman9megamarch8megaoper8megavati4megh3mej7mejican5mejor6melani7melanin5melen6meliss6melliz5melod3mem8membrill10memorandum6memori3men7mencion10menditeguy8mendocin6mendoz5menem8menendez5menor6mensaj7mensual4ment6mental6mentir6mentor4menu5menud4merc6mercad10mercadolog6merced8mercosur5merec6mereng6merezc10meridional6merkel4merl4merm3mes6mesian5mesoz9messagger5messi6messin5mestr8mestrist3met7metafor5metal8metalurg12metamorfosis10meteorolog5metod4metr8metrobus10metrodeleg12metropolitan6metrov5mexic7mexican5mezcl7mezquit5miami6miceli7michael6michel7micheli7michell8michelli8michetti5michi6michig4micr10microcentr9microletr10micromilit8microond9micropoes9microsoft3mid7midachi9middleton6miecol4mied6miembr6mientr7miercol7miglior4migr9migracion7migrant7migrao@9migratori6miguel6miguez5mikel3mil6milagr5milan7milanes6milani6mileni7milesim7milessi6milici8milician8mililitr8milimetr5milit8militant7militar4mill10millennial11millennials6millon9millonari6milong3mim3min5miner7mineral6minerv5minim7minimiz8miniseri9ministeri11ministerial7ministr9ministroi8minnesot10minnicelli5minor4mint6minuci5minut6mipcom3mir12mirafayerway5miral5miram6miriam6mirror4mirt5mirth11misericordi5misil6mision8misioner5misiv4mism7misogin11mississippi7misteri6mistic7misurat3mit5mitic5mitin4mitr4mixt6mixtur5mjzvy11mneteorolog7mobbing5mobil6mochil8mochiler6mocion3mod5modal5model7modelaj5moder6modern8moderniz6modest5modif7modific5modul4mogl5moham6mohamm5molan4mold7molecul6molest7molesti6molier5molin6moment3mon5monac6monarc7monarqu5moned8monetari7monetiz5monic7monitor8monitore4monn8monopoli5monox7monsant9monseo@or9monserrat10monstercon9monstrio@4mont6montaj6montan7montao@9montenegr6monter9monterrey9montevide6monton8montreal8montrull8monument10monumental4monz4moor5moors3mor5moral5morat8moratori4mord5moren4mori5moron5moros6morris6mortal8mortifer5moscu7mosquit5mostr9mostrador5mosul3mot5motin5motiv12motivacional8motocicl10motociclet5motor6motors6motric7mourinh4mous3mov5movil7moviliz9movilizar9movimient5moyan6mozill5mozzi4muam4much7muchach10muchedumbr8muchisim3mud4muec4muej4muel5muell4muer5muert6muestr9muestrari8muestrem4muev5muio@3muj5mujer5mujic4mull4mult10multifacet8multijug12multilateral9multimedi14multimillonari13multinacional7multipl9multiplic11multiproces8multitud13multitudinari5munch4mund6mundan7mundial8municion9municipal8municipi7munidal6muo@ec6muo@iz6muo@oz3mur5mural6murall6murill6murray5mursi6muscul4muse5music9musicaaqu8musicael7musical9musicaliz5mussi6mussis7mustang8musulman3mut8mutacion6myriam7mystery3nac7nacient9nacimient6nacion8nacional10nacionaliz9nacionall3nad7nadador5nadal4nadi5nadur4naft6nahuel6nailon8nalbandi6nallin5nancy11nanosatelit5naomi7napflix5napol6naranj9naranjaty4narc6narcis13narcocriminal11narcomenude9narcotraf13narcozapallit5nardi4narr9narracion6nasdaq5natal6natali5natge8national5nativ5natur7natural9naturalez9naturaliz7naufrag3nav5naval6navarr5naveg4navi5navid8navideo@5nayem7nazaren5nazis5ndash6neblin7nebrask5neces8necesari7necesit9necesitas7necoche10necropolis6nefast3neg5negat5negoc6negoci4negr5negri6negrit7neilson6nelson3nen7neofasc6neofit10neoliberal8neonatal10neonatolog9neoyorkin10neoyorquin10neroazzurr5nervi7nervios6nestor3net9netanyahu8netbooks7netflix6netlix10networking7neumann7neuquen7neuquin10neurocient12neurocientif8neurolog6neuron14neuropsiquiatr5neutr9neutraliz3nev7newbery6newell4newm6newton3nex4neym4ngel6ngkiwv8nicaragu11nicaraguens6nicasi4nich5nicol7nicolas4nieg5niels4niet4niev8nigerian5night6nights6nikkei5ninaw5ninci6ningun5niniv7nintend4nio@6nio@ez5nipon4nism4niss8niunamen5nivel5nobel6noblez6nocaut4noch6nocion5nociv7nocturn3noh6nolasc5nombr11nombramient5nomin7nominal7norbert7nordest6nordic6norest6norieg4norm6normal8normaliz6normat7noroest11nororiental6norris4nort13norteamerican7norteo@5north6norton6norueg6nosotr8nostalgi5nostr3not6notabl5notch8notebook9notebooks5noter6notici8noticier5notif7notific8notoried5notti7nouveau8novaresi5noved7novedad5novel5noven4novi7noviazg8noviembr6novill9nphnqjauc3nub5nubel4nubl5nubos4nucl5nucle12nucleoelectr4nuer6nuestr4nuev5nulid7numbers5numer4nunc5nunci9nunciatur6nuo@ez4nuri4nusr4nutr11nutricional8nutrient5nylon4obam8obamacar6obedec7obelisc7oberlin4obes5obisp8objecion5objet5oblig10obligatori12obligatoried5obras5obrer6obscen6observ11observatori8obsesion8obsidian7obsolet8obstacul10obstaculiz7obstant6obstin5obten9obtencion6obtien5obtuv4obvi5ocamp7ocasion9ocasional8occident10occidental3oce5ocean6ochent4ocho5octav6octavi6octubr5ocult4ocup5ocurr9odebrecht9odontocet9odontolog7oectubr4oest5ofens7oferent5ofert5offic8officiel6offlin7offshor4ofic5ofici7oficial9oficializ6oficin5ofrec6ofrezc4ojal4ojed4ojit7olavarr3ole7oleagin6olguin5olimp4oliv7oliveir6oliver6olivet5oller5olmed5olmos5olvid4omit7omnibus11omnipresent5oncat5ondas5onlin6ontari4opac6opcion4oper7operari9operatori4opin7opinion4opon7oportun9oposicion8opositor5optan5optar7optaron5optat5optic5optim7optimiz6opuest4opus7oracion6orador7oratori5orbit7orbital5orden5oreir4orej7orellan4orem5orest4orfe13orfeosuperdom5organ10organigram7organiz14organizacional10organizart6orgull6orient8oriental4orig6origin8original7orihuel5orill6oriund6orland5oromi7orquest7orsanic10orschansky4orte5orteg7ortigoz5ortiz8ortodoxi8ortograf4osad5oscar6oscars5oscil5oscur4osit6ostent6osvald8otamendi4oter7otonell5otoo@5otorg5otras5otror5otros5oucrr4ouij5oulip8oulipian6outfit7outlets6outsid7ovacion6ovejer6ovejit5ovill4ovin7ovoprot4ovul7oyarbid8pabellon4pabl3pac4pach8pacienci7pacient5pacif5pacin7pacquia4pact5padec5padel4padr3pag6pagani7pagares5pagin4pais6paisaj6paisan6paisej7pakapak8pakistan3pal6palabr6palaci5palad4palc11paleontolog6palerm8palestin5palet4pali6paliat5palit5paliz7pallets4palm6palmer8palmesan5palom7palomit4palp7palpabl6palpit5pamel4pamp7pampean6pampit5panad5panal5panam6pancet5panch6pancit4pand5panel5panic5panif7panoram8panquequ7pantall8pantalon4panz6pao@al4paol8paolucci3pap5papal7papanat9paparazzi5papas5papel7papelet7papelon6papers6papion4papp6paquet9paquiderm9paquistan3par8parabris8paracaid7parader8paradigm7paradoj8paragolp8paraguay6parais5paraj7paralel9paralisis7paraliz8parametr8paramonk9paramount5paran8paraplej7parasuc5parat7parator6parcel7parcial5parec5pared5parej10parentesis4parg5parid7parient7parisin8paritari4park9parkinson9parlament12parlamentari8parlasur6parodi7parolin5parqu7parrill9parriller8parroqui10parroquial9parsonian4part8particip8particul10particular9partidari8partisan5party3pas5pasaj7pasajer6pasant8pasaport5pascu7pascual4pase6pasill6pasion8pasional5pasiv10passalacqu9pastafrol7pastill8pastoral10pastorutti8pastrami7pastran3pat7patafis7patagon8patagoni6patent8patentiz6patern8paternal4pati5patit7patolog5paton5patov5patri7patrici7patrick9patrimoni11patrimonial7patriot8patrocin6patron8patronal8patronat7patrull9patruller4paul8paulatin6paulin4paus4paut3pav5pavon5pavor5payas6paypal3paz5pdvsa4peaj8peatonal3pec4pech5pecul3ped7pedagog5pedaz7pediatr4pedr3peg6pehuaj3pel4pele7pelicul6peligr4pell9pelopones5pelot7pelotud6peluch6peluqu8peluquer3pen5penal8pendient6pendul6penetr12penitenciari11pennsylvani4pens10pensamient10pensilvani7pension12pentacampeon8pentagon8penthous8penultim7penumbr4peo@4peon4peor7pequeo@11pequeo@isim9pequeo@it6peralt6percat10percepcion6percib9percusion4perd8perdedor7perdert8perdigon6perdon6perdur5perec7peregil6pereir7perejil6pereyr5perez10perfeccion7perfect6perfil6perfor10performanc8pergamin6perici6pericl7perifer8periferi8perimetr10perimetral7perinol6period9periodist8periotti5perit7peritaj8perjudic11perjudicart11perjudicial8perjuici4perl6perlit8permanec9permanent6permis6permit5peron7perotti7perpetr7perpetu4perr6perrit4pers7persecu7persegu11perseguidor8persever5persi6persig7persigu10persistent6person8personaj8personal8perspect8pertenec12pertenecient9pertenent9pertinent6peruan7pervers3pes8pesadill4pesc5pesim7pesquer7pesquis7pestao@8peterson8peticion5petis5petit8petrific7petrobr7petrole8petroler6petron8pettinat5peupl7pezzott7phillip4phot9photoshop9piamontes4pian7pianist5piazz3pib3pic7picadur8picaflor6picant6picass7pichett5picud6picurb3pid4pied5piedr4piel5piens5pierd5piern4piet5pietr9pietraner4piez7pigment3pih3pil5pilar5pilet7pileton5pilot7pimient5pinch5pined7pinguin4pinn4pint6pintor6pintur4pio@6pio@er7pio@eyr4pioj6piojos6pioner6piquet8piqueter6piquit7piramid5pirat5pirop9pirotecni6piruch3pis6piscin6piscis7pisoton4pist6pistol8pitallug7pitbull6pitrol8pittalug10pittsburgh6pizarr7pizjuan4pizz5pizzi6pjanic4plac7placard4plag4plan8planchit5plane11planeamient6planet6planif8planific7planill5plant10plantacion6plante7plantel7plaquet5plasm7plastic4plat9plataform6platan6platin4play12playbacklady7playboy11playstation4plaz9plebiscit4pleg7plegabl5pleit4plen7plenari8plenitud5plieg6plural4pobl9poblacion11poblacional8poblador4pobr6pobrez3poc4poch9pochettin7pochocl3pod5poder5podes6podest4podi4podr6podran6podras4poes4poet6poetic4pogb3pol5polak7polariz5polem7polemiz5polic8policiac8policial10polideport9polifacet10poliladron5polit8politics7politiz9politolog4poll6poller8pollicit5polls8polucion4polv10polvorient8polvorin6pompey3pon6ponder5pondr7pondran5ponet4pong8pontific5poppy5popul7popular6poquit8porcelan9porcentaj10porcentual6porcin8pormenor4porn9pornograf8porporat5porqu4porr4port10portaavion9portacion12portaequipaj6portal8portatil9portavion8portavoz7porteo@8portfoli10portsmouth8portuari8portugal9portugues3pos9posacuerd9poscosech4pose8posesion5posgr7posibil6posibl8posicion5posit6pospon7pospong4post6postal7posterg9posterior5postr10postraumat6postul6postur6potabl7potenci9potencial6potent6potest4potr4pott3pow8powerful7practic5pratt4pray7precari10precaucion6preced9precedent5preci7precint7precios9precipici8precipit6precis9precision9precursor6predec5predi6predic10prediccion7predict6predij10predijeron14predisposicion8predomin12preelectoral10preeminent7prefect9prefectur6prefer9preferent7prefier6prefir7pregunt6pregut11prejudicial8prejuici7prejuzg7preludi4prem8prematur5premi6premis7premrou5prend5prens5preo@7preocup4prep6prepag6prepar9preponder11preposicion4pres8presenci10presencial7present7preserv6presid12presidencial9president7presion5press5prest10prestacion7prestam8prestigi6presum7presunt10presupuest13presupuestari4pret9pretempor7pretend10pretension7pretext7pretori9pretorian4prev10prevaricat6preven10prevencion7prevent5previ6previs10previsibil9prevision11previsional7previst10pricestats8prigioni4prim7primari6primat8primaver6primer10primogenit5princ7princes9princeton9principal8principi6priori7priorid9prioridad10prioritari7prioriz7prision6pritzk4priv6privac9privacion8privatiz9privilegi5proac8proactiv4prob8probabil7probabl8probador6probal7problem9problemat4proc10procaccini6proced9procedent6proces8procesal7proclam5procr13procreacional6procur10procuradur8procuras7prodigy6produc10produccion7product9productor6produj10produjeron7produzc9profesion11profesional8profesor6profug7profund9profundic9profundiz10progenitor7program7progres6prohib11prohibicion8prohombr8prohuert7project10prolegomen6prolif7prolong4prom6promed7promedi6promes6promet9promocion11promocional8promotor6promov7promuev7promulg7pronost9pronostic5pront7pronunc8pronunci6propag9propagand7propens5propi6propic7propici7propied9propiedad10propietari6propin6propon8proposit8proposti8propuest6propus7prorrog8proselit7prosper9prostibul8prostitu9prostitut8protagon10protagoniz10proteccion6proteg7proteic7protein8proteins7protest8protocol6proton4prov5prove9proveedor10provenient9provident7provien6provin8provinci10provincial9provision11provisional9provisori6provoc4prox8proxenet6proxim10proyeccion7proyect9proyectil8prudenci5prueb9pseudonim11pshysiolift8psicodel8psicolog10psicomotor8psicopat8psicosis9psiquiatr6public11publicitari3pud5pudor4pudr5puebl7pueblit4pued5puent6pueril5puert14puertorriqueo@5puest10pueyrredon3pul4pulg6pulitz4pull6pulmon6pulser3pum7pumakaw6punibl5punit4punt6puntaj6puntan6punter5puntu7puntual9puntualiz4punz4puo@6puo@al8puo@etaz8purpurin3pus7pussett5putin5pymes5pèrez4qaed3qat6qatani5qatar7quality7quaresm6qubbet3que5quebr8quebrach10quebrachit9quebradur4qued4quej4quem7quequen4quer7querell6queres5querr4ques5quett6queved6quiebr5quien5quier5quilm8quilmeo@7quilomb6quimic12quimioterapi5quinc7quincen5quini7quiniel10quinquenal5quint7quintan7quinter7quintet6quiosc5quiqu6quirog10quiropract7quirurg4quis4quit4quiz4quor6quorum10qzahebozbv4rabi8rabolini5rabon4rach6rachel6racial6racing8racional6racism6racist3rad5radev4radi6radial5radic7radical9radicaliz9radiograf15radiotelevision6rafael8rafaelin5rafag6rafati5rafec7rafting4raic8raimundi5rajoy7raleigh8ralentiz5rally3ram5ramal5ramif5ramir7ramirez5ramon6ramond7randazz4rang7ranking3rap9rapallini5rapaz5raper5rapid6rapids6raponi4rapt8rapunzel4raqq6raquel6raquet3rar5rarez4rasg5rasic6rasmus5rastr6rastre8rastrill7ratazzi5ratif7ratific5raton8rattazzi3ray5rayan5razon4rdqu5reabr8reaccion7reactiv7reafirm7reajust4real17realclearpolitics15realdonaldtrump6realez6realic6realid8realidad7reality6realiz8realment11realpolitik6reanim6reanud8reaparec9reapertur7reasign9reautopsi5rebaj6rebeld8rebelion6rebori5rebot6rebrot6recaid8recalcul6recald8recalent9recalient7recalif5recam7recambi8recaptur6recaud5recay5reces8recesion5recet6rechaz5recib6recicl6recien9reciencas7recient6recint9recipient8reciproc7recital4recl6reclam5reclu6reclus9reclusion6reclut5recog11recoleccion10recolector7recolet8recomend9recomiend13recomposicion9reconcili10reconfigur9reconfort7reconoc9reconoces10reconocidc8reconozc9reconstru14reconstruccion12reconversion7recopil6record7records6recorr6recort6recost4recr5recre10recreacion7recreat8recrimin8recrudec4rect8rectific6rector7recuent7recuerd7recuper6recurr9recurrent6recurs5recus3red9redaccion6redact8redactor6reddit7redefin8rediscut10redistribu5redit6redobl6redond4redr7redston5reduc9reduccion5reduj10reeleccion6reeleg8reembols8reemplac8reemplaz8reencauz9reencontr10reencuentr7reequip8reescrib11reestructur5refer8referend10referendum11referendums8referent12refererendum6refier5refin9refinanci5refir6reflej9reflexion6reflot6reform8reformul6reforz10refractari7refuerz6refugi6refund3reg5regal12regao@adient5regat9regazzoni5regga5regim7regimen6region8regional10regionaliz7registr4regl9reglament6regres5regul7regular9regulariz9rehabilit5rehac5rehen4rein7reinici8reinsert9reinstaur8reintegr14reintroduccion8reinvent6reiter7reivind9reivindic9rejuvenec8relacion5relaj6relanz5relat9relativiz7relator5relax5relev6reliev6religi8religion7reliqui6rellen9relocaliz5reloj7remador5remak5reman6remans6remarc5remat6remedi6rememb5remer7remiser5remit8remocion6remolc5remov7remuner5renac6renatr7renault4rend9rendicion10rendimient4rene8renegoci7renglon5renov4rent8rentabil10rentabiliz7rentabl8renuenci7renuent6renuev7renunci5renzi4reo@4reoj7reorden9reorganiz8reorient3rep5repar6repart11reparticion5repas6repens6repent11repercusion8repercut9repertori5repet5repit8replante6repleg6replet6replic5repon6report8reportaj8reporter6repres9represali9represent9represion8represor6reprim7reproch6reptil7repubbl6republ8republic10republican5repud6repudi7repuest6repunt4requ6requer7requier6requir8requisit3res5resac6resalt6resarc6rescat8research6resent13resentimental6reserv8resguard5resid11residencial8resident6residu6resign8resignif6resist9resistent6resolu6resolv5reson7respald7respect6respet6respir11respiratori7respond7respons13responsabiliz8respuest4rest9restablec7restant7restaur7restitu6restor8restoran11restriccion8restring8restrinj7resucit7resuelt7resuelv11resuelvenel6result5resum6resurg12resurreccion3ret6retail6retard5retaz5reten9retencion8reticent6retien5retin5retir5retoc5retom5retor6retorn4retr10retraccion6retraj6retras6retrat8retroact12retroaliment8retroced8retroces6retruc5retuv6reubic4reun7reunion9reutemann8reutiliz6revalu7revanch4reve5revel6revert5reves6review6revind6revirt5revis8revision6revist9revitaliz5reviv5revoc10revocatori6revolu10revolucion13revolucionari6revolv6revoqu7revsion6revuel7revuelt3rey4reyn3rez6rezzon5riber3ric6ricard7richard5richt5ricky7ridicul4rieg5riend5riesg7riesgos4rifl3rig7righini6rights5rigur6rihann6rincon4rind11riocuartens4rioj6riojan7riquelm6riquez3ris10rischbieth4risp3rit5ritch4ritm6ritond6ritual3riv8rivadavi5rival7rivarol5river5rivol4rizz3rob6robert5robin6robled5robot6robots6robust3roc4rocc7roccuzz4roch4roci9rockefell6rocker7rockets5rocos3rod5rodaj6rodham6rodill6rodolf6rodrig9rodriguez3rog6rogeli3roj3rol4roll7rolling5rolon6romain6romanc6romant9romanutti5romer5romin4romp9rompehiel6ronald4rond6rondin3rop4roqu3ros5rosal6rosari7rosarin7rosberg9rosenborg7rosetti7rosneft5rossi5rostr3rot9rotomolde9rotterdam6rotund5rotur5round8rousseff4royc8rozanski5ruben5rubgi4rubi5rubik6rubinh6rubins4rubr6rubric5rucci11rudimentari4rued6rufeil4ruff5rufin3rug5rugby4ruid3rum4rumb7rumipal5rumor6ruptur5rural3rus7rusconi4rusi3rut5rutin4ruvt7saatchi7saavedr3sab7sabaler5sabat4sabi5sabor7sabotaj4sabr3sac8sacerdot8sacrific5sacud4sadr7saegheh6safari7saffied3sag5sagac8sagitari4sagr6sailor5saint3sal7saladin7salahiy6salari8salarial5salaz7salazai8salchich4sald5saldr4salg7salguer7salient5saliv6salmon7salomon5salon4sals4salt7salteo@6saltzm5salud4salv9salvacion8salvador6salvai6salvaj12salvoconduct7samanth4samb8sampaoli8sampdori7samsung8sanatori7sanchez7sancion6sandin5sandr8sandwich5sangr9sangrient8sanguine5sanid8sanitari6sanjiv9sanjuanin12sanmartinian4sant12santacruceo@10santafecin10santafesin7santand7santiag11santiagueo@6santif6santor8santuari9sarampion7sarapur6sarcam8sardelli8saremput7sargent4sarl8sarmient5sarqu7sartori3sas4sash7sassuol5sastr7satelit5satir8satisfac12satisfaccion12satisfactori5satur6saturn4sauc6saudit5sazon5scann8scanners8scarlett8scarpett8scarsdal7schaeff8schelott12schiaparelli9schiarett10schiaretti9schiavoni9schiffrin5schip8schiphol6schmid7schneid6school5schum8schumach9schwartzm6scioli4scol7scorses8scotland7screnci8scroggin8sdnaranj6seattl9sebastian7seccion9seccional8secesion6secret9secretari6sector6secuel8secuestr6secund9secundari3sed5sedan6sedant5seduc8sedunary4seeb6sefard7segment4segu8seguidor10seguimient5segun6segund5segur7sehinkm5seism9seleccion6select5selen5selfi4sell7sellers7semafor5seman7semanal8semanari7semanit5sembr5semej7semestr10semidesnud9semifinal6semill8semiller7seminar8seminari14semipresencial5semis3sen7senador5senas7sencill4send6sender7senegal9senegales6senior9sensacion8sensibil7sensibl6sensor7sensual4sent7sentenc8sentenci11sentimental10sentimient6seo@al8seo@aliz6seo@or3sep5separ7separat6sepeli9septiembr6septim7septupl6sepult4sequ3ser5seran9serenisim5sergi7serguei4seri6serial4serl4sern8serpient4serr6serran6serrat4serv8servelec7servici8servidor7servini6sesent6sesion4sesm8setiembr5sever7severus6sevill6sevini6sexism6sexist4sext6sexual6shakir4shan7shangai7sharbat6sharon7sheldon8sheraton8sherlock7shigeru5shinz4shir5shock5shoot8shopping9shoppings4shor9showmatch5shows4siab6sicari8sicilian9siciliani10siderarhoy6sidney4sidr6siembr6siempr4sien5siend5sient5sierr5siest4siet3sig5sigil4sigl4sigm4sign6signif8signific4sigu8siguient4silb7silenci7sileoni5silex7silicon4sill6sillon4silv8silvestr8silvetti5silvi6silvin6simbol6simeon5simil7similar5simon6simpat8simpatiz5simpl9simplific7simposi7simpson8simpsons5simul8simulacr8simultan9simultane6sinalo6sincer7sincret6sindic8sindical8sindicat7sindrom6sinfon4sing5singl6singul8siniestr8sinnumer7sinonim4sint8sintesis6sintom6sinton8sintoniz6sinuos5sipss4siqu6siquem9sirchandl5siren4siri4sirt4sirv6sirven4sism6sistem8sistemat10sistematiz4siti4situ9situacion6sketch7skylodg5smart9smartphon10smartwatch4smat5smith12smokesellers6snacks4snap7snicket4soav7soberan7soberbi6soborn4sobr10sobredosis8sobremes9sobremont8sobrepes8sobrepon10sobrepreci6sobres12sobresalient9sobresalt9sobreseid8sobreviv12sobrevivient8sobrevol6sobrin4soci8sociabil6social8socializ6socied8sociedad8sociolog10sociopolit6socorr4sodi3sof8sofistic5sofoc8softland7softwar3sol5solan5solar6solari4sold5soled6soleil5soler7solicit9solicitud7solidar8solidari6solide6solist4solt8solucion9solutions7solvent3som5sombr5somet10sommeliers3son4sond5sonde4soni4sonr5sonri6sonris4soo@5sopap4sopl6soport4sord5soret6sorian8sorprend11sorprendent7sorpres4sort5sorte7sospech6sosten7sosteng7sostien6sostuv5sotan9souncloud4sous11southampton8southern9souvenirs9spanglish9sparknews6speach6spears7spinett6spinos6spokan7sponsor5sport6sports6sposat7spotify5spots8springst5spurs8stamford5stand6stands7stanley5start4stat6status8steelers6stefan7stefani5stell5steph5stere4stev5sting5stius5stock8stoessel7stolbiz4ston6storar9stornelli6storni5story6strang10strawberry9streaming6street7strypes6stuart5studi10sturzenegg5style7stylish6suarez6suavid6suaviz3sub6subalt6subast11subcomisari11subdirector5subiz6subjet6sublim11subnacional10suboficial4subr6subray16subrepticiamient6subrog9subsecret12subsecretari7subsidi7subsist7subsuel4subt10subterrane8subtitul8suburban10subversion9subyacent5suced5suces7sucesor4suci5sucid8suckling4sucr8suculent8sucursal3sud6sudafr7sudamer11sudamerican5sudan7sudanes6sudest7sudoest4suec5sueci5suegr4suel5sueld5suelt4suen5sueo@5suert9suficient4sufr6sufrag7sufragi5suger8sugerent6sugier5sugir4suic6suicid7suicidi4suit4suiz5sujet8sultanat3sum6sumari6sumart9suministr4sumn7sunchal6sunnit3sup7supedit5super10superagres9superavit9supercamp9superclas8superdom9superfici11superficial9supergirl8superher9superhero11superheroin14superintendent8superior6superl8superlig6superm9supermerc10superpoder13superposicion8supervis11supervision11supervivent6supest4supl9suplement7suplent5supon7supondr6supong6suprem8supttiom7supuest3sur8surasiat4surc9surcorean6sureo@6surest6surfac5surfe4surg13suroccidental7suroest7surrbac5susan7suscrib11suscripcion8suscript7suspend7suspens10suspension4sust8sustanci10sustancial7sustant7sustent5sustr8sustraid7sustraj11sustrajeron5sutil10sutrajeron7swigert5swing6switch7swzpzqj6systel8szpolski3tab5tabac5tabic4tabl6tablet7tablets6tablon4tach8tachadur4tact6tactic8taekwond5taian8tailandi8taiwanes3tal6taladr6talent5taler7taliban4tall6taller3tam6tamao@7tambien6tampoc8tanacors4tand8tandanor9tandilens8tandiler4tang7tanguer5tanqu4tant8tantisim3tap5tapiz5tapon3tar8taravell4tard4tare6target5tarif8tarifari7tarifaz6tarjet6tarres4tart3tas8tasacion6tateng4tatt6tatuaj5tavip5taxis6taxist11tchaikovski5teatr4tech7techint4tecl4tecn6tecnic8tecnolog10tecnopolis9teconolog15tedxriodelaplat3tej7tejedor5telam7telamel7telecom9telecomun13teleconferent5telef7telefon9telenovel8teleshow13teletransport7televis10television9televisor9telivison4tell4telm6telpuk3tem6temari5temat5tembl7temblor6temibl5temor10temperatur9temperley5templ6tempor8temporal9temporari7tempran3ten5tenac5tenaz4tend8tendenci8tendient5tendr7tendran7tenenci9tenerempl5tenes4teng5tenis6tenist5tenor4tens7tension4tent6tentat4teor6teoric11teotihuacan6tequil6terapi4terc6tercer8terceriz5terci5teres4term6termic6termin8terminal10terminator9termometr9termosell10termotanqu4tern6terner7ternium4terr6terraz8terremot6terren8terrestr5terri7terribl12terrifyingun9territori11territorial6terror8terrorif5tesis4tesl5tesor9testaferr6testig9testimoni5tevez3tex5texan4text6textil7textual4thal5thani5thank10thelonious9thelonius4ther6theres5thiag8thinking8thompson6thrill5thund12thyssenkrupp4tiar4tibi7tiburci7tiburon7tickets6tiembl5tiemp4tien5tiend5tient5tiern5tierr4tigr7tigrens5tijer4tild7tillard3tim10timberwolv5timbr6timbre6timerm7timidez6timing5timur4tind7tinelli7tiniebl4tint3tip5tipic3tir7tiroles6tirone6tirore5tirot6tirote4tirs8tiscorni7titanic5titer5titul7titular3tiz8tkachiov8tobiller8tobleron3toc3tod5todav5today9todopoder10todoterren4toki4toky5toler7tolhuin3tom5tomas9tombolini8tomcruis4tome5tommy7tomoyos3ton5tonel7tonelli5tonic7tonight3top5topic7topless10topolansky8toppings4toqu3tor6toranz4torc7torcuat7torment4torn5torne4torr10torrabadel10torrencial7torreon6torric9torrontes4tors4tort6tortug7tortuos6tortur4tosc5total10totalitari7totoral7tottori3tow6towers5toxic5toyot3tra4trab6trabaj8traccion4trad9tradicion11tradicional7trading6traduc9traductor7traffic8trafford6trafic4trag7tragedi6tragic11tragicomedi8traicion5trail4traj6trajer8trajeron4tram6tramit5tramp8tranquer8tranquil5trans9transcurs8transfer11transferent9transform11transformal9transfund11transfusion12transgresion10transicion12transicional7transit10transitori11transmision8transmit13transnacional10transpacif11transparent8transpir9transport11transversal5tranv7trapani7trapich6trapit9trasandin10trasatlant8trascend11trascendent9trasciend6traser5trasl7traslad11traslasierr12trasnacional7traspas5trast9trastiend8trastorn4trat10tratamient6tratas6tratat7traumat6trautm4trav6traves9travestis8travesur7travnik7trayect10trayectori4traz4trec5tregu4trej7tremend4tren8trending6trends6trenqu7trentin4trep5triac5trian8triangul6tribun8tribunal6tribut8tributar9tributari6trieni4trig7trimarc8trimestr11trinacional9tripartit5tripl7triplic7tripoli6tripul5trist7tristez6triunf10triunfador10triunvirat4trob5trocc5trofe6trogli6trolls7trompet4tron4trop8tropezon6tropic5trotz4troz4truc5truch5truck5truen5trump8trumpcit8trumpism10trumplandi5trunc7tsachev9tscherrig7tsunami8tubercul7tucuman4tuit5tuite5tuits6tulumb4tumb5tumor5tunel6tuo@ez5tupac5tupiz5turbi4turc6turism6turist12turkmenistan4turn5turqu6turron5tutel8tutorial3tuv5tvcon4tvdi5tvdos6tvenvi5tvmas4tvun9tvvictori5tweet5twitt7txemari6tzetzk4uatr4ubic7ubisoft6ucrani8ucranian5ugart4ulis5ultim9ultimatum11ultraderech6ultraj13ultranacional11ultrapetrol6ultras11ultraviolet7umawtuf6umband6umbral6unanim6unasur5unesc4unic10unicameral6unicef8unicorni4unid6unidad7unieron6unific7uniform10unilateral6unilev5union11unipersonal4unir5unirn4unit7univers9universal11universaliz12universitari10university7unquill5unsam4uocr5urani5urban6urbani7urbaniz5urbin4urci7urgenci6urgent4urgi6uriart4urib10uribelarre5urnas4urqu6urquij6urquiz7urtubey7uruguay5urumb4usab4usad4usam5usand4usar6usaran6usaron6ushuai4usin6usinaz5usted5usual6usuari5usurp4uter4util7utility6utiliz4utop7utterly10uzbekistan3vac8vacacion4vaci5vacun3vad5vagon6vaiven6vajill3val4vald5valdr6valent8valentin6valeri7valient5valij6valios4vall6valley5valor4valu3vam7vancouv6vandal8vandaliz9vanguardi7vanidad7vanmoof8vannucci7vanucci9vaquillon3var5varel4varg4vari7variabl9variacion7variant6varied8variedad6varill5varon6varsky3vas4vasc8vasectom7vatican7vaticin8vaticini3vay7vazquez3vec5vecin7vecinal9vecindari6vector6vedett4vedi6veedor3veg5veget6vehicl7vehicul3vei5veint7veinten10veintitres5vejez3vel7velader8velatori8velayati9velazquez5veled5veler5velez7velezan5veliz5veloc6velori5veloz3vem3ven4venc8vencedor10vencimient4vend8vendedor5vendr6veneci8venecian5veneg5venen6venezi9venezolan8venezuel4veng7venganz4veni4vent6ventaj6ventan9ventanill6ventil9ventricul6ventur4venz3ver8veracruz5veran6verane4verb9verbinski9verbitsky4verd6verdad8verdader5verde7verdelh6verdul6verdur5vered8veredict7vergonz8verguenz5verid5verif7verific4verl4verm7vermont4vern5veron4vers6versac7version6versus4vert7vertebr8vertical8vertient8vertigin7vespuci4vest9vestiment8vestuari7veteran10veterinari6vetust6viabil6viacom7viaduct4viaj6viajer4vial6vialid6viatic5vibor4vibr7vibrant11vicecancill12vicedirector10vicegobern13viceintendent7vicejef6vicent13vicepresident11vicerrector8vicevers4vici8vicicont6vicios6victim7victori6vicuo@3vid9vidabetin5vidal6vidaun4vide5videl7videocv9videojueg9videollam6videov5vidri4viej4vien5vient6vientr4vier5viern6vieron7vietnam7vigenci6vigent5vigil6vigili7viglion4vign5vigor3vil4vill9villafao@10villarroel10villarruel6villeg3vim3vin6vincul4vinj7vinotec5vinyl10vinylalgun4vio@4viol9violacion8violador8violenci7violent7violett9viqleajdd5viral7viraliz4virg7virgini6viroch9virrareal7virtual6virtud6virtus8virulent5virus5virut8visceral9visibiliz6visibl6vision5visit6visper4vist6visual8visualiz5vital8vitalici7vitamin11vitivinicol7vittori3viv6vivant7vivants7vivenci5viver6vivian7viviani7viviend6vladim3voc6vocabl8vocacion5vocal5vocer4vodk4voic6voigth3vol6volant7volatil4volc6volcan8volkswag5volum6volunt9voluntari4volv5volvi7voragin5vosel3vot8votacion6votant4vuel5vuelc5vuelt7vueltit5vuelv10vulcanolog6vulner8wainfeld7waldorf7walhall5walkm6wallac5walls5walsh4walt4wand4warn8warriors10washington5watch6watson8weatherh3web6weight4welt5wenxu7western9westworld4weyl5whats8whatsapp5wichi10wiesenthal7william5willy6wilson6window7windows5wolff5woodm5woody5world6xeneiz6xeniez7xenofob8xenofobi11xipolitakis6yaburi9yacimient7yacyret7yadarol5yamil11yankelevich6yanqui5yaris5yasky5yaund5yazir3yem5yemen4yerb4yern6yeyati5yihad5yoerg6youtub6yrigoy5yudet5yummy5zabal7zabalet6zagreb6zaguer9zakhilwal5zalaz8zampedri7zannini6zapall5zapat8zapatill5zarat7zarazag4zarp9zegarelli5zelay4zeld7zellweg5zidan8zidarich3zif7zinedin5ziulu6zodiac5zombi3zon4zond5zonzi6zoolog9zuberbuhl8zuccotti4zumb4zurd6zurich5zuvic